mpn,size,resistance_ohms,tolerance,tcr,power_w,voltage_v,overload_voltage_v,temp_min_c,temp_max_c,aecq200
RNCF0805ATT432K,0805,432 Kohm,0.05%,+/- 10 ppm,0.125,150,300,-55,155,Compliant
RNCF0805BKC4K99,0805,4.99 Kohm,0.1%,+/- 50 ppm,0.25,150,300,-55,155,Compliant
RNCF0805BKC10K0,0805,10 Kohm,0.1%,+/- 50 ppm,0.25,150,300,-55,155,Compliant
RNCF0805BTC30K0,0805,30 Kohm,0.1%,+/- 50 ppm,0.25,150,300,-55,155,Compliant
RNCF0805BKT8K06,0805,8.06 Kohm,0.1%,+/- 10 ppm,0.125,150,300,-55,155,Compliant
RNCF0805BKT10K0,0805,10 Kohm,0.1%,+/- 10 ppm,0.125,150,300,-55,155,Compliant
RNCF0805BKT16K5,0805,16.5 Kohm,0.1%,+/- 10 ppm,0.125,150,300,-55,155,Compliant
RNCF0805BKE7R50,0805,7.5 ohm,0.1%,+/- 25 ppm,0.25,150,300,-55,155,Compliant
RNCF0805BKE301R,0805,301 ohm,0.1%,+/- 25 ppm,0.25,100,200,-55,155,Compliant
RNCF0805BKE499R,0805,499 ohm,0.1%,+/- 25 ppm,0.25,150,300,-55,155,Compliant
RNCF0805BKE825R,0805,825 ohm,0.1%,+/- 25 ppm,0.25,150,300,-55,155,Compliant
RNCF0805BKE909R,0805,909 ohm,0.1%,+/- 25 ppm,0.25,150,300,-55,155,Compliant
RNCF0805BKE2K32,0805,2.32 Kohm,0.1%,+/- 25 ppm,0.25,150,300,-55,155,Compliant
RNCF0805BKE8K66,0805,8.66 Kohm,0.1%,+/- 25 ppm,0.25,150,300,-55,155,Compliant
RNCF0805BKE21K5,0805,21.5 Kohm,0.1%,+/- 25 ppm,0.25,150,300,-55,155,Compliant
RNCF0805BKE28K0,0805,28 Kohm,0.1%,+/- 25 ppm,0.25,150,300,-55,155,Compliant
RNCF0805BKE2M00,0805,2 Mohm,0.1%,+/- 25 ppm,0.25,100,200,-55,155,Compliant
RNCF0805BTE49R9,0805,49.9 ohm,0.1%,+/- 25 ppm,0.25,150,300,-55,155,Compliant
RNCF0805BTE100R,0805,100 ohm,0.1%,+/- 25 ppm,0.25,150,300,-55,155,Compliant
RNCF0805BTE255R,0805,255 ohm,0.1%,+/- 25 ppm,0.25,150,300,-55,155,Compliant
RNCF0805BTE464R,0805,464 ohm,0.1%,+/- 25 ppm,0.25,150,300,-55,155,Compliant
RNCF0805BTE1K02,0805,1.02 Kohm,0.1%,+/- 25 ppm,0.25,150,300,-55,155,Compliant
RNCF0805BTE1K20,0805,1.2 Kohm,0.1%,+/- 25 ppm,0.25,150,300,-55,155,Compliant
RNCF0805BTE1K50,0805,1.5 Kohm,0.1%,+/- 25 ppm,0.25,150,300,-55,155,Compliant
RNCF0805BTE4K42,0805,4.42 Kohm,0.1%,+/- 25 ppm,0.25,150,300,-55,155,Compliant
RNCF0805BTE6K19,0805,6.19 Kohm,0.1%,+/- 25 ppm,0.25,150,300,-55,155,Compliant
RNCF0805BTE10K4,0805,10.4 Kohm,0.1%,+/- 25 ppm,0.25,150,300,-55,155,Compliant
RNCF0805BTE16K7,0805,16.7 Kohm,0.1%,+/- 25 ppm,0.25,150,300,-55,155,Compliant
RNCF0805BTE26K7,0805,26.7 Kohm,0.1%,+/- 25 ppm,0.25,150,300,-55,155,Compliant
RNCF0805BTE30K1,0805,30.1 Kohm,0.1%,+/- 25 ppm,0.25,150,300,-55,155,Compliant
RNCF0805BTE31K6,0805,31.6 Kohm,0.1%,+/- 25 ppm,0.25,150,300,-55,155,Compliant
RNCF0805BTE44K2,0805,44.2 Kohm,0.1%,+/- 25 ppm,0.25,150,300,-55,155,Compliant
RNCF0805BTE100K,0805,100 Kohm,0.1%,+/- 25 ppm,0.25,150,300,-55,155,Compliant
RNCF0805BTE110K,0805,110 Kohm,0.1%,+/- 25 ppm,0.25,150,300,-55,155,Compliant
RNCF0805BTE1M00,0805,1 Mohm,0.1%,+/- 25 ppm,0.25,100,200,-55,155,Compliant
RNCF0805CKE49R9,0805,49.9 ohm,0.25%,+/- 25 ppm,0.25,150,300,-55,155,Compliant
RNCF0805CTE100K,0805,100 Kohm,0.25%,+/- 25 ppm,0.25,150,300,-55,155,Compliant
RNCF0805DTC27R4,0805,27.4 ohm,0.5%,+/- 50 ppm,0.25,150,300,-55,155,Compliant
RNCF0805DKE1R62,0805,1.62 ohm,0.5%,+/- 25 ppm,0.125,150,300,-55,155,Compliant
RNCF0805DKE3R90,0805,3.9 ohm,0.5%,+/- 25 ppm,0.125,150,300,-55,155,Compliant
RNCF0805DKE120R,0805,120 ohm,0.5%,+/- 25 ppm,0.25,150,300,-55,155,Compliant
RNCF0805DTE10R0,0805,10 ohm,0.5%,+/- 25 ppm,0.25,150,300,-55,155,Compliant
RNCF0805DTE20R0,0805,20 ohm,0.5%,+/- 25 ppm,0.25,150,300,-55,155,Compliant
RNCF0805DTE47R0,0805,47 ohm,0.5%,+/- 25 ppm,0.25,150,300,-55,155,Compliant
RNCF0805DTE49R9,0805,49.9 ohm,0.5%,+/- 25 ppm,0.25,150,300,-55,155,Compliant
RNCF0805DTE160R,0805,160 ohm,0.5%,+/- 25 ppm,0.25,150,300,-55,155,Compliant
RNCF0805DTE200R,0805,200 ohm,0.5%,+/- 25 ppm,0.25,150,300,-55,155,Compliant
RNCF0805DTE220R,0805,220 ohm,0.5%,+/- 25 ppm,0.25,150,300,-55,155,Compliant
RNCF0805DTE270R,0805,270 ohm,0.5%,+/- 25 ppm,0.25,150,300,-55,155,Compliant
RNCF0805DTE330R,0805,330 ohm,0.5%,+/- 25 ppm,0.25,150,300,-55,155,Compliant
RNCF0805DTE390R,0805,390 ohm,0.5%,+/- 25 ppm,0.25,150,300,-55,155,Compliant
RNCF0805DTE750R,0805,750 ohm,0.5%,+/- 25 ppm,0.25,150,300,-55,155,Compliant
RNCF0805DTE1K00,0805,1 Kohm,0.5%,+/- 25 ppm,0.25,150,300,-55,155,Compliant
RNCF0805DTE1K20,0805,1.2 Kohm,0.5%,+/- 25 ppm,0.25,150,300,-55,155,Compliant
RNCF0805DTE1K62,0805,1.62 Kohm,0.5%,+/- 25 ppm,0.25,150,300,-55,155,Compliant
RNCF0805DTE2K00,0805,2 Kohm,0.5%,+/- 25 ppm,0.25,150,300,-55,155,Compliant
RNCF0805DTE2K49,0805,2.49 Kohm,0.5%,+/- 25 ppm,0.25,150,300,-55,155,Compliant
RNCF0805DTE2K70,0805,2.7 Kohm,0.5%,+/- 25 ppm,0.25,150,300,-55,155,Compliant
RNCF0805DTE3K16,0805,3.16 Kohm,0.5%,+/- 25 ppm,0.25,150,300,-55,155,Compliant
RNCF0805DTE4K99,0805,4.99 Kohm,0.5%,+/- 25 ppm,0.25,150,300,-55,155,Compliant
RNCF0805DTE5K10,0805,5.1 Kohm,0.5%,+/- 25 ppm,0.25,150,300,-55,155,Compliant
RNCF0805DTE6K04,0805,6.04 Kohm,0.5%,+/- 25 ppm,0.25,150,300,-55,155,Compliant
RNCF0805DTE6K65,0805,6.65 Kohm,0.5%,+/- 25 ppm,0.25,150,300,-55,155,Compliant
RNCF0805DTE6K81,0805,6.81 Kohm,0.5%,+/- 25 ppm,0.25,150,300,-55,155,Compliant
RNCF0805DTE10K0,0805,10 Kohm,0.5%,+/- 25 ppm,0.25,150,300,-55,155,Compliant
RNCF0805DTE12K1,0805,12.1 Kohm,0.5%,+/- 25 ppm,0.25,150,300,-55,155,Compliant
RNCF0805DTE20K0,0805,20 Kohm,0.5%,+/- 25 ppm,0.25,150,300,-55,155,Compliant
RNCF0805DTE22K0,0805,22 Kohm,0.5%,+/- 25 ppm,0.25,150,300,-55,155,Compliant
RNCF0805DTE30K1,0805,30.1 Kohm,0.5%,+/- 25 ppm,0.25,150,300,-55,155,Compliant
RNCF0805DTE33K0,0805,33 Kohm,0.5%,+/- 25 ppm,0.25,150,300,-55,155,Compliant
RNCF0805DTE56K0,0805,56 Kohm,0.5%,+/- 25 ppm,0.25,150,300,-55,155,Compliant
RNCF0805DTE150K,0805,150 Kohm,0.5%,+/- 25 ppm,0.25,150,300,-55,155,Compliant
RNCF0805DTE220K,0805,220 Kohm,0.5%,+/- 25 ppm,0.25,150,300,-55,155,Compliant
RNCF0805DTE470K,0805,470 Kohm,0.5%,+/- 25 ppm,0.25,150,300,-55,155,Compliant
RNCF0805DTE499K,0805,499 Kohm,0.5%,+/- 25 ppm,0.25,150,300,-55,155,Compliant
RNCF0805DTE1M00,0805,1 Mohm,0.5%,+/- 25 ppm,0.25,100,200,-55,155,Compliant
RNCF0805FTD240R,0805,240 ohm,1%,+/- 100 ppm,0.25,150,300,-55,155,Compliant
RNCF0805FTD750R,0805,750 ohm,1%,+/- 100 ppm,0.25,150,300,-55,155,Compliant
RNCF0805FTD3K00,0805,3 Kohm,1%,+/- 100 ppm,0.25,150,300,-55,155,Compliant
RNCF0805FTD6K65,0805,6.65 Kohm,1%,+/- 100 ppm,0.25,150,300,-55,155,Compliant
RNCF0805FTD12K1,0805,12.1 Kohm,1%,+/- 100 ppm,0.25,150,300,-55,155,Compliant
RNCF0805FTC7K32,0805,7.32 Kohm,1%,+/- 50 ppm,0.25,150,300,-55,125,Compliant
RNCF0805TKC6K98,0805,6.98 Kohm,0.01%,+/- 50 ppm,0.125,150,300,-55,155,Compliant
RNCF0805TKC20K0,0805,20 Kohm,0.01%,+/- 50 ppm,0.125,150,300,-55,155,Compliant
RNCF0805TKY24R9,0805,24.9 ohm,0.01%,+/- 5 ppm,0.125,150,300,-55,155,Compliant
RNCF0805TKY75R0,0805,75 ohm,0.01%,+/- 5 ppm,0.125,150,300,-55,155,Compliant
RNCF0805TKY100R,0805,100 ohm,0.01%,+/- 5 ppm,0.125,150,300,-55,155,Compliant
RNCF0805TKY250R,0805,250 ohm,0.01%,+/- 5 ppm,0.125,150,300,-55,155,Compliant
RNCF0805TKY499R,0805,499 ohm,0.01%,+/- 5 ppm,0.125,150,300,-55,155,Compliant
RNCF0805TKY1K00,0805,1 Kohm,0.01%,+/- 5 ppm,0.125,150,300,-55,155,Compliant
RNCF0805TKY10K0,0805,10 Kohm,0.01%,+/- 5 ppm,0.125,150,300,-55,155,Compliant
RNCF0805TKT20K0,0805,20 Kohm,0.01%,+/- 10 ppm,0.125,150,300,-55,155,Compliant
RNCF0805TKT60K4,0805,60.4 Kohm,0.01%,+/- 10 ppm,0.125,150,300,-55,155,Compliant
RNCF0805TKT100K,0805,100 Kohm,0.01%,+/- 10 ppm,0.125,150,300,-55,155,Compliant
RNCF2512BKT50R0,2512,50 ohm,0.1%,+/- 10 ppm,0.75,150,300,-55,155,Compliant
RNCF2512BKE1K00,2512,1 Kohm,0.1%,+/- 25 ppm,0.75,150,300,-55,155,Compliant
RNCF2512BKE10K0,2512,10 Kohm,0.1%,+/- 25 ppm,0.5,150,300,-55,155,Compliant
RNCF2512DTC499K,2512,499 Kohm,0.5%,+/- 50 ppm,0.5,150,300,-55,155,Compliant
RNCF2512DKE2R49,2512,2.49 ohm,0.5%,+/- 25 ppm,1,150,300,-55,155,Compliant
RNCF2512DKE10R0,2512,10 ohm,0.5%,+/- 25 ppm,1,150,300,-55,155,Compliant
RNCF2512DTE51R0,2512,51 ohm,0.5%,+/- 25 ppm,1,150,300,-55,155,Compliant
RNCF2512TKY100R,2512,100 ohm,0.01%,+/- 5 ppm,0.5,150,300,-55,155,Compliant
RNCF2512TKY1K00,2512,1 Kohm,0.01%,+/- 5 ppm,0.5,150,300,-55,155,Compliant
RNCF1206BKC200R,1206,200 ohm,0.1%,+/- 50 ppm,0.25,150,300,-55,155,Compliant
RNCF1206BKC2K21,1206,2.21 Kohm,0.1%,+/- 50 ppm,0.25,150,300,-55,155,Compliant
RNCF1206BKC8K66,1206,8.66 Kohm,0.1%,+/- 50 ppm,0.25,150,300,-55,155,Compliant
RNCF1206BKC63K4,1206,63.4 Kohm,0.1%,+/- 50 ppm,0.25,150,300,-55,155,Compliant
RNCF1206BTC10R0,1206,10 ohm,0.1%,+/- 50 ppm,0.25,150,300,-55,155,Compliant
RNCF1206BTC121R,1206,121 ohm,0.1%,+/- 50 ppm,0.25,150,300,-55,155,Compliant
RNCF1206BTC200R,1206,200 ohm,0.1%,+/- 50 ppm,0.25,150,300,-55,155,Compliant
RNCF1206BKY1K00,1206,1 Kohm,0.1%,+/- 5 ppm,0.25,150,300,-55,155,Compliant
RNCF1206BKT1M00,1206,1 Mohm,0.1%,+/- 10 ppm,0.25,150,300,-55,155,Compliant
RNCF1206BKE348R,1206,348 ohm,0.1%,+/- 25 ppm,0.25,150,300,-55,155,Compliant
RNCF1206BKE2K20,1206,2.2 Kohm,0.1%,+/- 25 ppm,0.25,150,300,-55,155,Compliant
RNCF1206BKE2K80,1206,2.8 Kohm,0.1%,+/- 25 ppm,0.25,150,300,-55,155,Compliant
RNCF1206BKE5K62,1206,5.62 Kohm,0.1%,+/- 25 ppm,0.25,150,300,-55,155,Compliant
RNCF1206BKE15K0,1206,15 Kohm,0.1%,+/- 25 ppm,0.25,150,300,-55,155,Compliant
RNCF1206BKE17K6,1206,17.6 Kohm,0.1%,+/- 25 ppm,0.25,150,300,-55,155,Compliant
RNCF1206BKE24K3,1206,24.3 Kohm,0.1%,+/- 25 ppm,0.25,150,300,-55,155,Compliant
RNCF1206BKE38K3,1206,38.3 Kohm,0.1%,+/- 25 ppm,0.25,150,300,-55,155,Compliant
RNCF1206BKE174K,1206,174 Kohm,0.1%,+/- 25 ppm,0.25,150,300,-55,155,Compliant
RNCF1206BKE1M00,1206,1 Mohm,0.1%,+/- 25 ppm,0.25,150,300,-55,155,Compliant
RNCF1206BTE1K30,1206,1.3 Kohm,0.1%,+/- 25 ppm,0.25,150,300,-55,155,Compliant
RNCF1206BTE2K20,1206,2.2 Kohm,0.1%,+/- 25 ppm,0.25,150,300,-55,155,Compliant
RNCF1206BTE3K32,1206,3.32 Kohm,0.1%,+/- 25 ppm,0.25,150,300,-55,155,Compliant
RNCF1206BTE5K11,1206,5.11 Kohm,0.1%,+/- 25 ppm,0.25,150,300,-55,155,Compliant
RNCF1206BTE5K36,1206,5.36 Kohm,0.1%,+/- 25 ppm,0.25,150,300,-55,155,Compliant
RNCF1206BTE10K5,1206,10.5 Kohm,0.1%,+/- 25 ppm,0.25,150,300,-55,155,Compliant
RNCF1206BTE33K2,1206,33.2 Kohm,0.1%,+/- 25 ppm,0.25,150,300,-55,155,Compliant
RNCF1206BTE47K5,1206,47.5 Kohm,0.1%,+/- 25 ppm,0.25,150,300,-55,155,Compliant
RNCF1206BTE200K,1206,200 Kohm,0.1%,+/- 25 ppm,0.25,150,300,-55,155,Compliant
RNCF1206BTE511K,1206,511 Kohm,0.1%,+/- 25 ppm,0.25,150,300,-55,155,Compliant
RNCF1206BTE1M00,1206,1 Mohm,0.1%,+/- 25 ppm,0.25,150,300,-55,155,Compliant
RNCF1206CTE12K1,1206,12.1 Kohm,0.25%,+/- 25 ppm,0.25,150,300,-55,155,Compliant
RNCF1206DTC1K18,1206,1.18 Kohm,0.5%,+/- 50 ppm,0.25,150,300,-55,155,Compliant
RNCF1206DTT562R,1206,562 ohm,0.5%,+/- 10 ppm,0.25,150,300,-55,155,Compliant
RNCF1206DKE9R10,1206,9.1 ohm,0.5%,+/- 25 ppm,0.25,150,300,-55,155,Compliant
RNCF1206DTE6R80,1206,6.8 ohm,0.5%,+/- 25 ppm,0.25,150,300,,,Compliant
RNCF1206DTE51R0,1206,51 ohm,0.5%,+/- 25 ppm,0.25,150,300,,,Compliant
RNCF1206DTE56R0,1206,56 ohm,0.5%,+/- 25 ppm,0.25,150,300,,,Compliant
RNCF1206DTE82R0,1206,82 ohm,0.5%,+/- 25 ppm,0.25,150,300,,,Compliant
RNCF1206DTE200R,1206,200 ohm,0.5%,+/- 25 ppm,0.25,150,300,,,Compliant
RNCF1206DTE249R,1206,249 ohm,0.5%,+/- 25 ppm,0.25,150,300,,,Compliant
RNCF1206DTE1K00,1206,1 Kohm,0.5%,+/- 25 ppm,0.25,150,300,,,Compliant
RNCF1206DTE2K74,1206,2.74 Kohm,0.5%,+/- 25 ppm,0.25,150,300,,,Compliant
RNCF1206DTE3K32,1206,3.32 Kohm,0.5%,+/- 25 ppm,0.25,150,300,,,Compliant
RNCF1206DTE5K49,1206,5.49 Kohm,0.5%,+/- 25 ppm,0.25,150,300,,,Compliant
RNCF1206DTE6K81,1206,6.81 Kohm,0.5%,+/- 25 ppm,0.25,150,300,,,Compliant
RNCF1206DTE17K8,1206,17.8 Kohm,0.5%,+/- 25 ppm,0.25,150,300,,,Compliant
RNCF1206DTE43K0,1206,43 Kohm,0.5%,+/- 25 ppm,0.25,150,300,,,Compliant
RNCF1206FKC24K3,1206,24.3 Kohm,1%,+/- 50 ppm,0.25,150,300,,,Compliant
RNCF1206FTE24K3,1206,24.3 Kohm,1%,+/- 25 ppm,0.25,150,300,,,Compliant
RNCF1206FTE200K,1206,200 Kohm,1%,+/- 25 ppm,0.25,150,300,-55,155,Compliant
RNCF1206TKW24R9,1206,24.9 ohm,0.01%,+/- 2 ppm,0.25,150,300,-55,155,Compliant
RNCF1206TKW2K00,1206,2 Kohm,0.01%,+/- 2 ppm,0.25,150,300,-55,155,Compliant
RNCF1206TKW10K0,1206,10 Kohm,0.01%,+/- 2 ppm,0.25,150,300,-55,155,Compliant
RNCF1206TKY24R9,1206,24.9 ohm,0.01%,+/- 5 ppm,0.25,150,300,-55,155,Compliant
RNCF1206TKY49R9,1206,49.9 ohm,0.01%,+/- 5 ppm,0.25,150,300,-55,155,Compliant
RNCF1206TKY100R,1206,100 ohm,0.01%,+/- 5 ppm,0.25,150,300,-55,155,Compliant
RNCF1206TKY150R,1206,150 ohm,0.01%,+/- 5 ppm,0.25,150,300,-55,155,Compliant
RNCF1206TKY250R,1206,250 ohm,0.01%,+/- 5 ppm,0.25,150,300,-55,155,Compliant
RNCF1206TKY1K00,1206,1 Kohm,0.01%,+/- 5 ppm,0.25,150,300,-55,155,Compliant
RNCF1206TKY4K99,1206,4.99 Kohm,0.01%,+/- 5 ppm,0.25,150,300,-55,155,Compliant
RNCF1210BTC3K57,1210,3.57 Kohm,0.1%,+/- 50 ppm,0.33,150,300,-55,155,Compliant
RNCF1210BTE1K00,1210,1 Kohm,0.1%,+/- 25 ppm,0.33,150,300,-55,155,Compliant
RNCF2010BKE287R,2010,287 ohm,0.1%,+/- 25 ppm,0.33,150,300,-55,155,Compliant
RNCF2010BKE1K00,2010,1 Kohm,0.1%,+/- 25 ppm,0.33,150,300,-55,155,Compliant
RNCF2010BKE4K75,2010,4.75 Kohm,0.1%,+/- 25 ppm,0.33,150,300,-55,155,Compliant
RNCF2010BKE26K1,2010,26.1 Kohm,0.1%,+/- 25 ppm,0.33,150,300,-55,155,Compliant
RNCF2010BKE200K,2010,200 Kohm,0.1%,+/- 25 ppm,0.33,150,300,-55,155,Compliant
RNCF2010DKE1R00,2010,1 ohm,0.5%,+/- 25 ppm,0.33,150,300,-55,155,Compliant
RNCF0402BKE10R0,0402,10 ohm,0.1%,+/- 25 ppm,0.1,50,100,-55,155,Compliant
RNCF0402BKE499R,0402,499 ohm,0.1%,+/- 25 ppm,0.1,50,100,-55,155,Compliant
RNCF0402BKE2K00,0402,2 Kohm,0.1%,+/- 25 ppm,0.1,50,100,-55,155,Compliant
RNCF0402BKE16K0,0402,16 Kohm,0.1%,+/- 25 ppm,0.1,50,100,-55,155,Compliant
RNCF0402BKE100K,0402,100 Kohm,0.1%,+/- 25 ppm,0.1,50,100,-55,155,Compliant
RNCF0402BKE160K,0402,160 Kohm,0.1%,+/- 25 ppm,0.1,50,100,-55,155,Compliant
RNCF0402BKE182K,0402,182 Kohm,0.1%,+/- 25 ppm,0.1,50,100,-55,155,Compliant
RNCF0402BTE33R0,0402,33 ohm,0.1%,+/- 25 ppm,0.1,50,100,-55,155,Compliant
RNCF0402BTE100R,0402,100 ohm,0.1%,+/- 25 ppm,0.1,50,100,-55,155,Compliant
RNCF0402BTE200R,0402,200 ohm,0.1%,+/- 25 ppm,0.1,50,100,-55,155,Compliant
RNCF0402BTE249R,0402,249 ohm,0.1%,+/- 25 ppm,0.1,50,100,-55,155,Compliant
RNCF0402BTE470R,0402,470 ohm,0.1%,+/- 25 ppm,0.1,50,100,-55,155,Compliant
RNCF0402BTE2K20,0402,2.2 Kohm,0.1%,+/- 25 ppm,0.1,50,100,-55,155,Compliant
RNCF0402BTE4K70,0402,4.7 Kohm,0.1%,+/- 25 ppm,0.1,50,100,-55,155,Compliant
RNCF0402BTE5K23,0402,5.23 Kohm,0.1%,+/- 25 ppm,0.1,50,100,-55,155,Compliant
RNCF0402BTE5K36,0402,5.36 Kohm,0.1%,+/- 25 ppm,0.1,50,100,-55,155,Compliant
RNCF0402BTE8K66,0402,8.66 Kohm,0.1%,+/- 25 ppm,0.1,50,100,-55,155,Compliant
RNCF0402BTE24K0,0402,24 Kohm,0.1%,+/- 25 ppm,0.1,50,100,-55,155,Compliant
RNCF0402BTE30K1,0402,30.1 Kohm,0.1%,+/- 25 ppm,0.1,50,100,-55,155,Compliant
RNCF0402BTE100K,0402,100 Kohm,0.1%,+/- 25 ppm,0.1,50,100,-55,155,Compliant
RNCF0402DTC2K21,0402,2.21 Kohm,0.5%,+/- 50 ppm,0.1,50,100,-55,155,Compliant
RNCF0402DKE20K0,0402,20 Kohm,0.5%,+/- 25 ppm,0.1,50,100,-55,155,Compliant
RNCF0402DKE49K9,0402,49.9 Kohm,0.5%,+/- 25 ppm,0.1,50,100,-55,155,Compliant
RNCF0402DKE54K9,0402,54.9 Kohm,0.5%,+/- 25 ppm,0.1,50,100,-55,155,Compliant
RNCF0402DTE10R0,0402,10 ohm,0.5%,+/- 25 ppm,0.1,50,100,-55,155,Compliant
RNCF0402DTE15R0,0402,15 ohm,0.5%,+/- 25 ppm,0.1,50,100,-55,155,Compliant
RNCF0402DTE49R9,0402,49.9 ohm,0.5%,+/- 25 ppm,0.1,50,100,-55,155,Compliant
RNCF0402DTE51R0,0402,51 ohm,0.5%,+/- 25 ppm,0.1,50,100,-55,155,Compliant
RNCF0402DTE150R,0402,150 ohm,0.5%,+/- 25 ppm,0.1,50,100,-55,155,Compliant
RNCF0402DTE200R,0402,200 ohm,0.5%,+/- 25 ppm,0.1,50,100,-55,155,Compliant
RNCF0402DTE240R,0402,240 ohm,0.5%,+/- 25 ppm,0.1,50,100,-55,155,Compliant
RNCF0402DTE499R,0402,499 ohm,0.5%,+/- 25 ppm,0.1,50,100,-55,155,Compliant
RNCF0402DTE2K00,0402,2 Kohm,0.5%,+/- 25 ppm,0.1,50,100,-55,155,Compliant
RNCF0402DTE2K21,0402,2.21 Kohm,0.5%,+/- 25 ppm,0.1,50,100,-55,155,Compliant
RNCF0402DTE4K99,0402,4.99 Kohm,0.5%,+/- 25 ppm,0.1,50,100,-55,155,Compliant
RNCF0402DTE5K10,0402,5.1 Kohm,0.5%,+/- 25 ppm,0.1,50,100,-55,155,Compliant
RNCF0402DTE6K04,0402,6.04 Kohm,0.5%,+/- 25 ppm,0.1,50,100,-55,155,Compliant
RNCF0402DTE7K50,0402,7.5 Kohm,0.5%,+/- 25 ppm,0.1,50,100,-55,155,Compliant
RNCF0402DTE8K20,0402,8.2 Kohm,0.5%,+/- 25 ppm,0.1,50,100,-55,155,Compliant
RNCF0402DTE10K2,0402,10.2 Kohm,0.5%,+/- 25 ppm,0.1,50,100,-55,155,Compliant
RNCF0402DTE12K0,0402,12 Kohm,0.5%,+/- 25 ppm,0.1,50,100,-55,155,Compliant
RNCF0402DTE18K0,0402,18 Kohm,0.5%,+/- 25 ppm,0.1,50,100,-55,155,Compliant
RNCF0402DTE20K0,0402,20 Kohm,0.5%,+/- 25 ppm,0.1,50,100,-55,155,Compliant
RNCF0402DTE22K0,0402,22 Kohm,0.5%,+/- 25 ppm,0.1,50,100,-55,155,Compliant
RNCF0402DTE33K0,0402,33 Kohm,0.5%,+/- 25 ppm,0.1,50,100,-55,155,Compliant
RNCF0402DTE33K2,0402,33.2 Kohm,0.5%,+/- 25 ppm,0.1,50,100,-55,155,Compliant
RNCF0402DTE133K,0402,133 Kohm,0.5%,+/- 25 ppm,0.1,50,100,-55,155,Compliant
RNCF0402TKY1K00,0402,1 Kohm,0.01%,+/- 5 ppm,0.1,50,100,-55,155,Compliant
RNCF0603BTC3K01,0603,3.01 Kohm,0.1%,+/- 50 ppm,0.166,100,150,-55,155,Compliant
RNCF0603BTC4K99,0603,4.99 Kohm,0.1%,+/- 50 ppm,0.166,100,150,-55,155,Compliant
RNCF0603BTC16K0,0603,16 Kohm,0.1%,+/- 50 ppm,0.166,100,150,-55,155,Compliant
RNCF0603BTC20K0,0603,20 Kohm,0.1%,+/- 50 ppm,0.166,100,150,-55,155,Compliant
RNCF0603BTC38K3,0603,38.3 Kohm,0.1%,+/- 50 ppm,0.166,100,150,-55,155,Compliant
RNCF0603BTC39K2,0603,39.2 Kohm,0.1%,+/- 50 ppm,0.166,100,150,-55,155,Compliant
RNCF0603BTC51K0,0603,51 Kohm,0.1%,+/- 50 ppm,0.166,100,150,-55,155,Compliant
RNCF0603BTC100K,0603,100 Kohm,0.1%,+/- 50 ppm,0.166,100,150,-55,155,Compliant
RNCF0603BTY10K0,0603,10 Kohm,0.1%,+/- 5 ppm,0.1,75,150,-55,155,Compliant
RNCF0603BKT20K0,0603,20 Kohm,0.1%,+/- 10 ppm,0.1,75,150,-55,155,Compliant
RNCF0603BKE46R4,0603,46.4 ohm,0.1%,+/- 25 ppm,0.166,100,150,-55,155,Compliant
RNCF0603BKE267R,0603,267 ohm,0.1%,+/- 25 ppm,0.166,100,150,-55,155,Compliant
RNCF0603BKE1K62,0603,1.62 Kohm,0.1%,+/- 25 ppm,0.166,100,150,-55,155,Compliant
RNCF0603BKE2K00,0603,2 Kohm,0.1%,+/- 25 ppm,0.166,100,150,-55,155,Compliant
RNCF0603BKE2K21,0603,2.21 Kohm,0.1%,+/- 25 ppm,0.166,100,150,-55,155,Compliant
RNCF0603BKE3K12,0603,3.12 Kohm,0.1%,+/- 25 ppm,0.166,100,150,-55,155,Compliant
RNCF0603BKE4K22,0603,4.22 Kohm,0.1%,+/- 25 ppm,0.166,100,150,-55,155,Compliant
RNCF0603BKE6K98,0603,6.98 Kohm,0.1%,+/- 25 ppm,0.166,100,150,-55,155,Compliant
RNCF0603BKE10K2,0603,10.2 Kohm,0.1%,+/- 25 ppm,0.166,100,150,-55,155,Compliant
RNCF0603BKE13K8,0603,13.8 Kohm,0.1%,+/- 25 ppm,0.166,100,150,-55,155,Compliant
RNCF0603BKE30K1,0603,30.1 Kohm,0.1%,+/- 25 ppm,0.166,100,150,-55,155,Compliant
RNCF0603BKE71K5,0603,71.5 Kohm,0.1%,+/- 25 ppm,0.166,100,150,-55,155,Compliant
RNCF0603BKE215K,0603,215 Kohm,0.1%,+/- 25 ppm,0.166,100,150,-55,155,Compliant
RNCF0603BKE442K,0603,442 Kohm,0.1%,+/- 25 ppm,0.1,75,150,-55,155,Compliant
RNCF0603BTE4R75,0603,4.75 ohm,0.1%,+/- 25 ppm,0.1,75,150,-55,155,Compliant
RNCF0603BTE20R0,0603,20 ohm,0.1%,+/- 25 ppm,0.166,100,150,-55,155,Compliant
RNCF0603BTE200R,0603,200 ohm,0.1%,+/- 25 ppm,0.166,100,150,-55,155,Compliant
RNCF0603BTE249R,0603,249 ohm,0.1%,+/- 25 ppm,0.166,100,150,-55,155,Compliant
RNCF0603BTE470R,0603,470 ohm,0.1%,+/- 25 ppm,0.166,100,150,-55,155,Compliant
RNCF0603BTE499R,0603,499 ohm,0.1%,+/- 25 ppm,0.166,100,150,-55,155,Compliant
RNCF0603BTE1K21,0603,1.21 Kohm,0.1%,+/- 25 ppm,0.166,100,150,-55,155,Compliant
RNCF0603BTE2K15,0603,2.15 Kohm,0.1%,+/- 25 ppm,0.166,100,150,-55,155,Compliant
RNCF0603BTE5K62,0603,5.62 Kohm,0.1%,+/- 25 ppm,0.166,100,150,-55,155,Compliant
RNCF0603BTE6K49,0603,6.49 Kohm,0.1%,+/- 25 ppm,0.166,100,150,-55,155,Compliant
RNCF0603BTE6K57,0603,6.57 Kohm,0.1%,+/- 25 ppm,0.166,100,150,-55,155,Compliant
RNCF0603BTE8K45,0603,8.45 Kohm,0.1%,+/- 25 ppm,0.166,100,150,-55,155,Compliant
RNCF0603BTE8K66,0603,8.66 Kohm,0.1%,+/- 25 ppm,0.166,100,150,-55,155,Compliant
RNCF0603BTE8K87,0603,8.87 Kohm,0.1%,+/- 25 ppm,0.166,100,150,-55,155,Compliant
RNCF0603BTE9K31,0603,9.31 Kohm,0.1%,+/- 25 ppm,0.166,100,150,-55,155,Compliant
RNCF0603BTE10K2,0603,10.2 Kohm,0.1%,+/- 25 ppm,0.166,100,150,-55,155,Compliant
RNCF0603BTE12K0,0603,12 Kohm,0.1%,+/- 25 ppm,0.166,100,150,-55,155,Compliant
RNCF0603BTE15K0,0603,15 Kohm,0.1%,+/- 25 ppm,0.166,100,150,-55,155,Compliant
RNCF0603BTE24K3,0603,24.3 Kohm,0.1%,+/- 25 ppm,0.166,100,150,-55,155,Compliant
RNCF0603BTE28K0,0603,28 Kohm,0.1%,+/- 25 ppm,0.166,100,150,-55,155,Compliant
RNCF0603BTE33K2,0603,33.2 Kohm,0.1%,+/- 25 ppm,0.166,100,150,-55,155,Compliant
RNCF0603BTE41K2,0603,41.2 Kohm,0.1%,+/- 25 ppm,0.166,100,150,-55,155,Compliant
RNCF0603BTE55K6,0603,55.6 Kohm,0.1%,+/- 25 ppm,0.166,100,150,-55,155,Compliant
RNCF0603BTE62K0,0603,62 Kohm,0.1%,+/- 25 ppm,0.166,100,150,-55,155,Compliant
RNCF0603BTE150K,0603,150 Kohm,0.1%,+/- 25 ppm,0.166,100,150,-55,155,Compliant
RNCF0603BTE255K,0603,255 Kohm,0.1%,+/- 25 ppm,0.166,100,150,-55,155,Compliant
RNCF0603BTE453K,0603,453 Kohm,0.1%,+/- 25 ppm,0.1,75,150,-55,155,Compliant
RNCF0603BTE470K,0603,470 Kohm,0.1%,+/- 25 ppm,0.1,75,150,-55,155,Compliant
RNCF0603DKC9K65,0603,9.65 Kohm,0.5%,+/- 50 ppm,0.166,100,150,-55,155,Compliant
RNCF0603DTC1K00,0603,1 Kohm,0.5%,+/- 50 ppm,0.166,100,150,-55,155,Compliant
RNCF0603DTC4K64,0603,4.64 Kohm,0.5%,+/- 50 ppm,0.166,100,150,-55,155,Compliant
RNCF0603DTC11K5,0603,11.5 Kohm,0.5%,+/- 50 ppm,0.166,100,150,-55,155,Compliant
RNCF0603DTC12K1,0603,12.1 Kohm,0.5%,+/- 50 ppm,0.166,100,150,-55,155,Compliant
RNCF0603DTC33K0,0603,33 Kohm,0.5%,+/- 50 ppm,0.166,100,150,-55,155,Compliant
RNCF0603DTC100K,0603,100 Kohm,0.5%,+/- 50 ppm,0.166,100,150,-55,155,Compliant
RNCF0603DKE715R,0603,715 ohm,0.5%,+/- 25 ppm,0.166,100,150,-55,155,Compliant
RNCF0603DKE1K74,0603,1.74 Kohm,0.5%,+/- 25 ppm,0.166,100,150,-55,155,Compliant
RNCF0603DTE5R10,0603,5.1 ohm,0.5%,+/- 25 ppm,0.1,75,150,-55,155,Compliant
RNCF0603DTE10R0,0603,10 ohm,0.5%,+/- 25 ppm,0.166,100,150,-55,155,Compliant
RNCF0603DTE51R0,0603,51 ohm,0.5%,+/- 25 ppm,0.166,100,150,-55,155,Compliant
RNCF0603DTE100R,0603,100 ohm,0.5%,+/- 25 ppm,0.166,100,150,-55,155,Compliant
RNCF0603DTE374R,0603,374 ohm,0.5%,+/- 25 ppm,0.166,100,150,-55,155,Compliant
RNCF0603DTE1K00,0603,1 Kohm,0.5%,+/- 25 ppm,0.166,100,150,-55,155,Compliant
RNCF0603DTE1K15,0603,1.15 Kohm,0.5%,+/- 25 ppm,0.166,100,150,-55,155,Compliant
RNCF0603DTE2K00,0603,2 Kohm,0.5%,+/- 25 ppm,0.166,100,150,-55,155,Compliant
RNCF0603DTE2K49,0603,2.49 Kohm,0.5%,+/- 25 ppm,0.166,100,150,-55,155,Compliant
RNCF0603DTE2K61,0603,2.61 Kohm,0.5%,+/- 25 ppm,0.166,100,150,-55,155,Compliant
RNCF0603DTE3K00,0603,3 Kohm,0.5%,+/- 25 ppm,0.166,100,150,-55,155,Compliant
RNCF0603DTE3K30,0603,3.3 Kohm,0.5%,+/- 25 ppm,0.166,100,150,-55,155,Compliant
RNCF0603DTE4K30,0603,4.3 Kohm,0.5%,+/- 25 ppm,0.166,100,150,-55,155,Compliant
RNCF0603DTE4K70,0603,4.7 Kohm,0.5%,+/- 25 ppm,0.166,100,150,-55,155,Compliant
RNCF0603DTE4K99,0603,4.99 Kohm,0.5%,+/- 25 ppm,0.166,100,150,-55,155,Compliant
RNCF0603DTE5K10,0603,5.1 Kohm,0.5%,+/- 25 ppm,0.166,100,150,-55,155,Compliant
RNCF0603DTE5K60,0603,5.6 Kohm,0.5%,+/- 25 ppm,0.166,100,150,-55,155,Compliant
RNCF0603DTE5K90,0603,5.9 Kohm,0.5%,+/- 25 ppm,0.166,100,150,-55,155,Compliant
RNCF0603DTE6K04,0603,6.04 Kohm,0.5%,+/- 25 ppm,0.166,100,150,-55,155,Compliant
RNCF0603DTE6K20,0603,6.2 Kohm,0.5%,+/- 25 ppm,0.166,100,150,-55,155,Compliant
RNCF0603DTE7K32,0603,7.32 Kohm,0.5%,+/- 25 ppm,0.166,100,150,-55,155,Compliant
RNCF0603DTE9K10,0603,9.1 Kohm,0.5%,+/- 25 ppm,0.166,100,150,-55,155,Compliant
RNCF0603DTE10K0,0603,10 Kohm,0.5%,+/- 25 ppm,0.166,100,150,-55,155,Compliant
RNCF0603DTE11K0,0603,11 Kohm,0.5%,+/- 25 ppm,0.166,100,150,-55,155,Compliant
RNCF0603DTE15K0,0603,15 Kohm,0.5%,+/- 25 ppm,0.166,100,150,-55,155,Compliant
RNCF0603DTE15K4,0603,15.4 Kohm,0.5%,+/- 25 ppm,0.166,100,150,-55,155,Compliant
RNCF0603DTE16K2,0603,16.2 Kohm,0.5%,+/- 25 ppm,0.166,100,150,-55,155,Compliant
RNCF0603DTE24K0,0603,24 Kohm,0.5%,+/- 25 ppm,0.166,100,150,-55,155,Compliant
RNCF0603DTE24K9,0603,24.9 Kohm,0.5%,+/- 25 ppm,0.166,100,150,-55,155,Compliant
RNCF0603DTE26K1,0603,26.1 Kohm,0.5%,+/- 25 ppm,0.166,100,150,-55,155,Compliant
RNCF0603DTE27K0,0603,27 Kohm,0.5%,+/- 25 ppm,0.166,100,150,-55,155,Compliant
RNCF0603DTE30K1,0603,30.1 Kohm,0.5%,+/- 25 ppm,0.166,100,150,-55,155,Compliant
RNCF0603DTE33K2,0603,33.2 Kohm,0.5%,+/- 25 ppm,0.166,100,150,-55,155,Compliant
RNCF0603DTE36K0,0603,36 Kohm,0.5%,+/- 25 ppm,0.166,100,150,-55,155,Compliant
RNCF0603DTE39K0,0603,39 Kohm,0.5%,+/- 25 ppm,0.166,100,150,-55,155,Compliant
RNCF0603DTE40K2,0603,40.2 Kohm,0.5%,+/- 25 ppm,0.166,100,150,-55,155,Compliant
RNCF0603DTE44K2,0603,44.2 Kohm,0.5%,+/- 25 ppm,0.166,100,150,-55,155,Compliant
RNCF0603DTE47K0,0603,47 Kohm,0.5%,+/- 25 ppm,0.166,100,150,-55,155,Compliant
RNCF0603DTE52K3,0603,52.3 Kohm,0.5%,+/- 25 ppm,0.166,100,150,-55,155,Compliant
RNCF0603DTE82K5,0603,82.5 Kohm,0.5%,+/- 25 ppm,0.166,100,150,-55,155,Compliant
RNCF0603DTE91K0,0603,91 Kohm,0.5%,+/- 25 ppm,0.166,100,150,-55,155,Compliant
RNCF0603DTE95K3,0603,95.3 Kohm,0.5%,+/- 25 ppm,0.166,100,150,-55,155,Compliant
RNCF0603DTE100K,0603,100 Kohm,0.5%,+/- 25 ppm,0.166,100,150,-55,155,Compliant
RNCF0603DTE200K,0603,200 Kohm,0.5%,+/- 25 ppm,0.166,100,150,-55,155,Compliant
RNCF0603DTE332K,0603,332 Kohm,0.5%,+/- 25 ppm,0.166,100,150,-55,155,Compliant
RNCF0603DTE360K,0603,360 Kohm,0.5%,+/- 25 ppm,0.1,75,150,-55,155,Compliant
RNCF0603DTE430K,0603,430 Kohm,0.5%,+/- 25 ppm,0.1,75,150,-55,155,Compliant
RNCF0603DTE499K,0603,499 Kohm,0.5%,+/- 25 ppm,0.1,75,150,-55,155,Compliant
RNCF0603DTE806K,0603,806 Kohm,0.5%,+/- 25 ppm,0.1,75,150,-55,155,Compliant
RNCF0603TKW200R,0603,200 ohm,0.01%,+/- 2 ppm,0.1,75,150,-55,155,Compliant
RNCF0603TKY24R9,0603,24.9 ohm,0.01%,+/- 5 ppm,0.1,75,150,-55,155,Compliant
RNCF0603TKY250R,0603,250 ohm,0.01%,+/- 5 ppm,0.1,75,150,-55,155,Compliant
RNCF0603TKY4K70,0603,4.7 Kohm,0.01%,+/- 5 ppm,0.1,75,150,-55,155,Compliant
RNCF0603TKY20K0,0603,20 Kohm,0.01%,+/- 5 ppm,0.1,75,150,-55,155,Compliant
RNCF0603TKT22K1,0603,22.1 Kohm,0.01%,+/- 10 ppm,0.1,75,150,-55,155,Compliant
RNCF0603TKT30K9,0603,30.9 Kohm,0.01%,+/- 10 ppm,0.1,75,150,-55,155,Compliant
RNCF0603TKT39K2,0603,39.2 Kohm,0.01%,+/- 10 ppm,0.1,75,150,-55,155,Compliant
RNCF0603TKT61K9,0603,61.9 Kohm,0.01%,+/- 10 ppm,0.1,75,150,-55,155,Compliant
RNCF0603TTT100R,0603,100 ohm,0.01%,+/- 10 ppm,0.1,75,150,-55,155,Compliant
RNCF0201BTE806R,0201,806 ohm,0.1%,+/- 25 ppm,0.05,15,30,-55,155,Compliant
RNCF0201DTC4K75,0201,4.75 Kohm,0.5%,+/- 50 ppm,0.05,15,30,-55,155,Compliant
